place,title,time,pay,date
"
Sendwave ","
Anti Fraud Data Science Manager
","
6h ",https://remoteok.io/golang/l/110852
"
Horizon ","
Senior Backend Engineer
","
22h ",https://remoteok.io/golang/l/110843
"
Pluto TV ","
Senior Software Engineer Backend API
","
22h ",https://remoteok.io/golang/l/110842
"
Tucows ","
System Architect
","
2d ",https://remoteok.io/golang/l/110824
"
FINN ","
Backend Engineer
","
3d ",https://remoteok.io/golang/l/110808
"
RDX Works ","
Senior Talent Acquisition Partner
","
4d ",https://remoteok.io/golang/l/110802
"
RDX Works ","
Lead Developer Mobile Applications
","
4d ",https://remoteok.io/golang/l/110801
"
RDX Works ","
Senior Android Developer
","
4d ",https://remoteok.io/golang/l/110800
"
RDX Works ","
Senior iOS Developer
","
4d ",https://remoteok.io/golang/l/110799
"
Doximity ","
Software Engineer JavaScript
","
5d ",https://remoteok.io/golang/l/110704
"
Clevertech ","
Senior Backend Engineer
","
8d ",https://remoteok.io/golang/l/110665
"
api.video ","
Senior Golang Engineer
","
4d ",https://remoteok.io/golang/l/110803
"
GUTS Tickets ","
Backend Engineer
","
6d ",https://remoteok.io/golang/l/110767
"
Avy Finans ","
Backend Engineer
","
16d ",https://remoteok.io/golang/l/110526
"
Commit ","
Senior Full Stack Developer
","
22d ",https://remoteok.io/golang/l/110451
"
Commit ","
Senior Full Stack Developer
","
16d ",https://remoteok.io/golang/l/110140
"
Canonical - Jobs ","
Software Engineer Golang Python Android Anbox Cloud
","
8d ",https://remoteok.io/golang/l/110748
"
Hors Normes ","
Golang Backend Engineer
","
9d ",https://remoteok.io/golang/l/110726
"
GlobalLogic ","
Senior Golang Engineer
","
13d ",https://remoteok.io/golang/l/110683
"
Messari ","
Software Engineer Market Data
","
22d ",https://remoteok.io/golang/l/110522
"
X Team ","
Senior Go Developer
","
26d ",https://remoteok.io/golang/l/110470
"
Ava Labs ","
Lead Institutional Wallet Engineer
","
28d ",https://remoteok.io/golang/l/110454
"
Volume ","
Senior Golang Engineer
","
29d ",https://remoteok.io/golang/l/110443
"
Nylas ","
Staff Software Engineer
","
1mo ",https://remoteok.io/golang/l/110371
"
Clovyr ","
Full Stack Platform Engineer
","
1mo ",https://remoteok.io/golangclosed
"
Gemmy ","
Full Stack Web3 Co Founder
","
1mo ",https://remoteok.io/golangclosed
"
Nethermind ","
Golang Engineer Starknet Client
","
1mo ",https://remoteok.io/golangclosed
"
RightNow Group ","
Software Engineer
","
1mo ",https://remoteok.io/golangclosed
"
Hunter.io ","
Backend Go Developer
","
1mo ",https://remoteok.io/golangclosed
"
Toptal ","
Senior Go Developer
","
2mo ",https://remoteok.io/golangclosed
"
TempMee ","
Full Stack Engineer
","
2mo ",https://remoteok.io/golangclosed
"
Truelogic Software ","
Sr Back End Developer Major Transportation Tech Co
","
2mo ",https://remoteok.io/golangclosed
"
Teylor ","
Backend Engineer Go Europe
","
2mo ",https://remoteok.io/golangclosed
"
Axiom, Inc. ","
Backend Engineer
","
2mo ",https://remoteok.io/golangclosed
"
Axiom, Inc. ","
Full Stack Engineer
","
2mo ",https://remoteok.io/golangclosed
"
TempMee ","
Senior Golang Developer
","
2mo ",https://remoteok.io/golangclosed
"
Duet ","
Senior Software Engineer
","
3mo ",https://remoteok.io/golangclosed
"
Commit ","
Senior Full Stack Engineer
","
3mo ",https://remoteok.io/golangclosed
"
Odin ","
Senior Software Engineer
","
3mo ",https://remoteok.io/golangclosed
"
Clevertech ","
Senior Backend Engineer Go
","
2mo ",https://remoteok.io/golangclosed
"
Toptal ","
Senior Go Developer
","
2mo ",https://remoteok.io/golangclosed
"
Giant Swarm ","
Platform Engineer Security
","
3mo ",https://remoteok.io/golangclosed
"
SipScience ","
Go React Native Docker Senior Developer
","
3mo ",https://remoteok.io/golangclosed
"
Pragmateam ","
Full Stack Polyglot Engineer React + Node .NET Go
","
3mo ",https://remoteok.io/golangclosed
"
OMG ","
Web3 Developer Solidity Rust Go Node
","
3mo ",https://remoteok.io/golangclosed
"
Piepacker ","
Fullstack Developer
","
3mo ",https://remoteok.io/golangclosed
"
Toggl ","
Backend Developer
","
3mo ",https://remoteok.io/golangclosed
"
Toggl Hire ","
Backend Developer
","
3mo ",https://remoteok.io/golangclosed
"
Teylor ","
Senior Backend Engineer Go
","
3mo ",https://remoteok.io/golangclosed
"
RetailNext ","
Site Reliability Engineer
","
3mo ",https://remoteok.io/golangclosed
"
Stensul ","
Senior Full Stack Developer
","
4mo ",https://remoteok.io/golangclosed
"
Hofy ","
Senior Software Engineer
","
4mo ",https://remoteok.io/golangclosed
"
Toptal ","
Senior Go Developer
","
4mo ",https://remoteok.io/golangclosed
"
Fission ","
Ipfs Contributing Engineer
","
4mo ",https://remoteok.io/golangclosed
"
TempMee ","
Full Stack Engineer
","
4mo ",https://remoteok.io/golangclosed
"
BEROPS ","
Cloud Platform Engineer
","
5mo ",https://remoteok.io/golangclosed
"
Toptal ","
Senior Go Developer
","
4mo ",https://remoteok.io/golangclosed
"
Mojito ","
Senior Software Engineer Backend
","
2mo ",https://remoteok.io/golangclosed
"
Textile ","
Backend API Engineer
","
4mo ",https://remoteok.io/golangclosed
"
Storj ","
Developer Evangelist Advocate
","
5mo ",https://remoteok.io/golangclosed
"
REKKI ","
Front End Developer
","
5mo ",https://remoteok.io/golangclosed
"
ReadyTal ","
Senior Data Engineer
","
5mo ",https://remoteok.io/golangclosed
"
Commit ","
Senior Developer Fellowship
","
5mo ",https://remoteok.io/golangclosed
"
Toptal ","
Senior Go Developer
","
6mo ",https://remoteok.io/golangclosed
"
Form3 ","
Senior Software Engineer
","
6mo ",https://remoteok.io/golangclosed
"
Sendify ","
Help Build the Future of Logistics Senior Backend Engineer
","
6mo ",https://remoteok.io/golangclosed
"
Doximity ","
Senior DevOps Engineer Platform
","
7mo ",https://remoteok.io/golangclosed
"
Doximity ","
Software Engineer Android
","
5mo ",https://remoteok.io/golangclosed
"
Doximity ","
Site Reliability Engineer
","
4mo ",https://remoteok.io/golangclosed
"
kollect.me ","
CTO Head of Engineering
","
7mo ",https://remoteok.io/golangclosed
"
Toptal ","
Senior Go Developer
","
7mo ",https://remoteok.io/golangclosed
"
Honu AI ","
Software Engineer
","
7mo ",https://remoteok.io/golangclosed
"
bit.io ","
Software Engineer Backend
","
7mo ",https://remoteok.io/golangclosed
"
Bitfinex ","
Blockchain Integration Specialist
","
7mo ",https://remoteok.io/golangclosed
"
Qredo ","
Senior Python Engineer
","
7mo ",https://remoteok.io/golangclosed
"
Oscatel ","
Back End Engineer Go Node. JS
","
7mo ",https://remoteok.io/golangclosed
"
Giant Swarm ","
Site Reliability Engineer
","
7mo ",https://remoteok.io/golangclosed
"
commercetools ","
Site Reliability Engineer
","
8mo ",https://remoteok.io/golangclosed
"
The Things Industries ","
Golang Developer
","
8mo ",https://remoteok.io/golangclosed
"
Level ","
Senior Go Engineer
","
8mo ",https://remoteok.io/golangclosed
"
Toggl Hire ","
Fullstack Developer
","
8mo ",https://remoteok.io/golangclosed
"
Capchase ","
Software Engineer
","
8mo ",https://remoteok.io/golangclosed
"
The Things Industries ","
React Front End Developer
","
8mo ",https://remoteok.io/golangclosed
"
Gower St ","
Full Stack Developer
","
8mo ",https://remoteok.io/golangclosed
"
Tucows ","
Senior Software Engineer
","
9mo ",https://remoteok.io/golangclosed
"
MessageBird ","
Senior Infrastructure Engineer
","
9mo ",https://remoteok.io/golangclosed
"
Vinovest ","
Lead Backend Engineer
","
9mo ",https://remoteok.io/golangclosed
"
Vinovest ","
Lead Mobile Engineer
","
9mo ",https://remoteok.io/golangclosed
"
Commit ","
Tech Lead Senior Startup Engineer Fellowship
","
8mo ",https://remoteok.io/golangclosed
"
Juni Technology ","
Senior Software Engineer
","
9mo ",https://remoteok.io/golangclosed
"
Sematext Group, Inc. ","
Observability Agent & Backend Engineer
","
9mo ",https://remoteok.io/golangclosed
"
Doximity ","
Senior Software Engineer Platform
","
9mo ",https://remoteok.io/golangclosed
"
Sematext Group, Inc. ","
Full Stack Engineer
","
9mo ",https://remoteok.io/golangclosed
"
RetailNext ","
Senior Software Engineer
","
9mo ",https://remoteok.io/golangclosed
"
Tidepool ","
Backend Engineer
","
10mo ",https://remoteok.io/golangclosed
"
Vinovest ","
Senior Software Engineer Mobile
","
10mo ",https://remoteok.io/golangclosed
"
Tucows ","
Senior Back End Software Engineer
","
10mo ",https://remoteok.io/golangclosed
"
HashiCorp ","
Senior Golang Backend Engineer
","
10mo ",https://remoteok.io/golangclosed
"
Seniorly Inc. ","
Senior Front End Software Engineer
","
10mo ",https://remoteok.io/golangclosed
"
Argyle [PyJobs] ","
Backend Software Engineer
","
11mo ",https://remoteok.io/golangclosed
"
Laskie ","
Senior Go Backend Engineer
","
10mo ",https://remoteok.io/golangclosed
"
Metrika Inc. ","
Software Engineer
","
11mo ",https://remoteok.io/golangclosed
"
Fugue, Inc ","
Senior Software Engineer
","
10mo ",https://remoteok.io/golangclosed
"
pganalyze ","
Senior Backend Engineer
","
11mo ",https://remoteok.io/golangclosed
"
Carted ","
Principal Software Engineer
","
11mo ",https://remoteok.io/golangclosed
"
Remotesome ","
Lead Backend Developer
","
11mo ",https://remoteok.io/golangclosed
"
Sticker Mule ","
Machine Learning Engineer
","
10mo ",https://remoteok.io/golangclosed
"
Skylight Frame ","
Full Stack Engineering Leader
","
11mo ",https://remoteok.io/golangclosed
"
Clevertech ","
Golang Developer
","
11mo ",https://remoteok.io/golangclosed
"
Rainforest QA ","
Senior Engineer
","
11mo ",https://remoteok.io/golangclosed
"
Laskie ","
Backend Go Engineer
","
12mo ",https://remoteok.io/golangclosed
"
Toggl ","
Backend Developer
","
1yr ",https://remoteok.io/golangclosed
"
Storj ","
Principal Software Engineer
","
1yr ",https://remoteok.io/golangclosed
"
Storj ","
Developer Evangelist
","
1yr ",https://remoteok.io/golangclosed
"
Carted ","
Senior Software Engineer Go
","
3mo ",https://remoteok.io/golangclosed
"
Chainlink Labs ","
Solutions Engineer
","
1yr ",https://remoteok.io/golangclosed
"
Chainlink Labs ","
Site Reliability Engineer
","
11mo ",https://remoteok.io/golangclosed
"
Chainlink Labs ","
Software Development Engineer
","
11mo ",https://remoteok.io/golangclosed
"
DNSimple ","
Software Engineer
","
1yr ",https://remoteok.io/golangclosed
"
Shopify ","
Senior Staff Engineer
","
10mo ",https://remoteok.io/golangclosed
"
Shopify ","
Senior Software Engineer
","
1yr ",https://remoteok.io/golangclosed
"
Shopify ","
Senior Software Engineer
","
10mo ",https://remoteok.io/golangclosed
"
Shopify ","
Senior Lead Software Engineer
","
10mo ",https://remoteok.io/golangclosed
"
Codelitt ","
Senior Golang Engineer
","
11mo ",https://remoteok.io/golangclosed
"
Toptal ","
Go Developer
","
1yr ",https://remoteok.io/golangclosed
"
Shopify ","
Production Engineering Manager
","
1yr ",https://remoteok.io/golangclosed
"
IVPN ","
Backend Developer
","
1yr ",https://remoteok.io/golangclosed
"
Codelitt ","
Senior DevOps Architect
","
1yr ",https://remoteok.io/golangclosed
"
Alpine IQ ","
Golang Developer
","
1mo ",https://remoteok.io/golang/l/110303
"
Verivest ","
Senior Golang Engineer
","
1mo ",https://remoteok.io/golang/l/110277
"
Hunter ","
Golang Backend Engineer
","
1mo ",https://remoteok.io/golang/l/110198
"
Rockbot ","
Senior Backend Golang Developer
","
2mo ",https://remoteok.io/golang/l/110129
"
CloudLinux ","
Senior Golang Developer
","
2mo ",https://remoteok.io/golang/l/110096
"
Volume Finance ","
Junior Golang Engineer
","
2mo ",https://remoteok.io/golang/l/110022
"
OpenTag ","
Golang Architect
","
2mo ",https://remoteok.io/golang/l/110007
"
Peercoin Foundation ","
Experienced Golang Developer
","
2mo ",https://remoteok.io/golang/l/109995
"
Lytics ","
Platform Software Engineer
","
2mo ",https://remoteok.io/golang/l/109954
"
Lytics ","
Senior Data Engineer
","
2mo ",https://remoteok.io/golang/l/109953
"
MaxMind ","
Senior Software Engineer Opportunity
","
2mo ",https://remoteok.io/golang/l/109949
"
Unify Dots ","
Senior Software Developer Go Language
","
2mo ",https://remoteok.io/golang/l/109907
"
Vonage ","
Go Developer
","
2mo ",https://remoteok.io/golang/l/109875
"
eGroup ","
Senior Golang Backend Developer
","
2mo ",https://remoteok.io/golang/l/109842
"
Figment ","
Senior Software Engineer Core Indexing
","
2mo ",https://remoteok.io/golang/l/109818
"
Gigs ","
Senior API Engineer
","
2mo ",https://remoteok.io/golang/l/109748
"
Xsolla ","
Backend Developer
","
 2mo ",https://remoteok.io/golang/l/109722
"
Vistas Recruitment ","
Go Engineer
","
2mo ",https://remoteok.io/golang/l/109684
"
Mangtas ","
Golang Backend Engineer
","
2mo ",https://remoteok.io/golang/l/109667
"
MessageBird ","
Senior Golang Engineer
","
2mo ",https://remoteok.io/golang/l/109666
"
mx51 ","
Go Software Engineer
","
2mo ",https://remoteok.io/golang/l/109659
"
Slack ","
Senior Software Engineer Sec Ops
","
3mo ",https://remoteok.io/golang/l/109585
"
Lob ","
Staff Software Engineer Platform
","
3mo ",https://remoteok.io/golang/l/109521
"
Iterative ","
Senior Software Engineer
","
3mo ",https://remoteok.io/golang/l/109480
"
Cardlytics ","
Principal Software Engineer Data Scientist
","
3mo ",https://remoteok.io/golang/l/109456
"
Udo ","
Senior Software Engineer
","
3mo ",https://remoteok.io/golang/l/109452
"
Teylor ","
Senior Backend Engineer Golang
","
3mo ",https://remoteok.io/golang/l/109451
"
Vistas Recruitment ","
Senior Backend Engineer
","
3mo ",https://remoteok.io/golang/l/109433
"
DomainTools ","
Senior Software Engineer
","
3mo ",https://remoteok.io/golang/l/109432
"
Vistas Recruitment ","
Principal Go Software Engineer
","
3mo ",https://remoteok.io/golang/l/109396
"
Pangea ","
Backend Engineer Cloud Security Apis Go
","
3mo ",https://remoteok.io/golang/l/109391
"
O.C. Tanner ","
Senior Software Engineer Cloud
","
3mo ",https://remoteok.io/golang/l/109390
"
Security Onion Solutions ","
Senior Software Engineer
","
3mo ",https://remoteok.io/golang/l/109389
"
Zeta Global ","
Senior Golang Backend Engineer
","
3mo ",https://remoteok.io/golang/l/109344
"
Decentral ","
Golang Blockchain Developer
","
3mo ",https://remoteok.io/golang/l/109339
"
Goget AB ","
Senior Golang Microservices Developer for Modern Cloud Platform
","
3mo ",https://remoteok.io/golang/l/109338
"
Synthro ","
Backend Developer
","
3mo ",https://remoteok.io/golang/l/109272
"
Contentsquare ","
Android Software Engineer
","
3mo ",https://remoteok.io/golang/l/109245
"
Contentsquare ","
iOS Software Engineer
","
3mo ",https://remoteok.io/golangclosed
"
Nylas ","
Staff Software Engineer
","
3mo ",https://remoteok.io/golangclosed
"
Cardlytics ","
Principal Software Engineer Applied Science Data Science
","
3mo ",https://remoteok.io/golang/l/109197
"
NTWRK ","
Senior Software Engineer
","
3mo ",https://remoteok.io/golang/l/109175
"
Cardlytics ","
Principal Software Engineer Ads Marketplace
","
3mo ",https://remoteok.io/golang/l/109174
"
Tell ya later ","
Senior Golang Developer
","
3mo ",https://remoteok.io/golang/l/109161
"
refurbed ","
Senior Go Backend Developer
","
3mo ",https://remoteok.io/golang/l/109141
"
refurbed ","
Lead Backend Developer Go
","
3mo ",https://remoteok.io/golang/l/109140
"
Casana GmbH ","
Technical Lead for Go Backend Team
","
3mo ",https://remoteok.io/golang/l/109107
"
CYZA ","
Go Programmer with Passion Code & Learn Join Our Experienced Team & Work Based on Your Timezone
","
3mo ",https://remoteok.io/golang/l/109061
"
Spacemesh ","
Core Developer
","
3mo ",https://remoteok.io/golang/l/109042
"
Volcanic Internet ","
Golang Developers
","
3mo ",https://remoteok.io/golang/l/109034
"
Ambassador Labs ","
Software Engineer
","
3mo ",https://remoteok.io/golang/l/109016
"
Mux ","
Platform Engineer
","
3mo ",https://remoteok.io/golang/l/109002
"
Koalafi ","
Software Engineer Golang
","
3mo ",https://remoteok.io/golang/l/109001
"
GoCaspi ","
Softwareentwickler
","
4mo ",https://remoteok.io/golangclosed
"
Juni ","
Golang Backend Engineer
","
4mo ",https://remoteok.io/golang/l/108805
"
Dyspatch ","
Lead Software Developer Go
","
4mo ",https://remoteok.io/golang/l/108697
"
Vistas Recruitment ","
Backend Engineer Europe
","
4mo ",https://remoteok.io/golang/l/108690
"
LootLocker ","
Senior Backend Engineer
","
4mo ",https://remoteok.io/golang/l/108689
"
Cyza ","
Go Programmer with Passion Code & Learn Join Our Experienced Team & Work Your Timezone
","
4mo ",https://remoteok.io/golang/l/108677
"
Docker ","
Backend Engineer
","
4mo ",https://remoteok.io/golang/l/108666
"
fortrabbit ","
Cloud Platform Engineer
","
4mo ",https://remoteok.io/golang/l/108656
"
- sustainable start-up ","
Backend Engineer
","
4mo ",https://remoteok.io/golangclosed
"
Kraken ","
Senior Backend Engineer Go Cryptowatch
","
4mo ",https://remoteok.io/golang/l/108562
"
Vistas Recruitment ","
Software Engineer Golang
","
4mo ",https://remoteok.io/golang/l/108551
"
 Monzo ","
Senior Backend Engineer
","
4mo ",https://remoteok.io/golang/l/108550
"
VolumeFi ","
Golang Engineer
","
4mo ",https://remoteok.io/golang/l/108549
"
IDT ","
Cloud Developer
","
4mo ",https://remoteok.io/golang/l/108530
"
Phil ","
Senior Backend Engineer
","
4mo ",https://remoteok.io/golang/l/108456
"
Dapper Labs ","
Senior Backend Engineer
","
4mo ",https://remoteok.io/golang/l/108449
"
Pulsar Informatics ","
Senior Backend Engineer
","
4mo ",https://remoteok.io/golang/l/108445
"
Stream ","
Backend Software Engineer Amsterdam
","
4mo ",https://remoteok.io/golang/l/108444
"
Moov Financial ","
Senior Software Engineer Backend
","
4mo ",https://remoteok.io/golang/l/108443
"
MachShip ","
Senior Golang Developer
","
4mo ",https://remoteok.io/golang/l/108435
"
Teleport ","
Senior Backend Software Engineer
","
4mo ",https://remoteok.io/golang/l/108390
"
Knoetic ","
Data Engineer
","
4mo ",https://remoteok.io/golang/l/108384
"
Proof ","
Senior Software Engineer
","
4mo ",https://remoteok.io/golang/l/108378
"
Form3 ","
Senior Software Engineer 100% UK EU Only
","
4mo ",https://remoteok.io/golang/l/108357
"
Go Tek Professional Go Recruitment ","
Golang Software Engineer
","
4mo ",https://remoteok.io/golang/l/108335
"
Bestow ","
Senior Golang Engineer
","
4mo ",https://remoteok.io/golang/l/108321
"
Diet Doctor ","
Golang Engineer
","
4mo ",https://remoteok.io/golang/l/108320
"
Qonto ","
Backend Engineer & Freelancers
","
4mo ",https://remoteok.io/golang/l/108319
"
Shipyard ","
Full Stack Engineer
","
4mo ",https://remoteok.io/golang/l/108298
"
Stytch ","
Backend Engineer
","
4mo ",https://remoteok.io/golang/l/108281
"
Hubuc ","
Senior Go Backend Developer
","
4mo ",https://remoteok.io/golang/l/108202
"
tutti.ch ","
Backend Engineer Go
","
4mo ",https://remoteok.io/golang/l/108201
"
Coins.ph ","
Senior Software Engineer
","
4mo ",https://remoteok.io/golang/l/108200
"
Plexy ","
Senior Backend Engineer
","
4mo ",https://remoteok.io/golang/l/108196
"
Vistas Recruitment ","
Senior Golang Developer
","
4mo ",https://remoteok.io/golang/l/108194
"
VORTO ","
Senior Software Engineer Back End
","
4mo ",https://remoteok.io/golang/l/108183
"
VORTO ","
Senior Software Engineer Full Stack
","
4mo ",https://remoteok.io/golang/l/108182
"
X Team ","
Senior Go Developer
","
4mo ",https://remoteok.io/golang/l/108181
"
Casana GmbH ","
Senior Golang Backend Developer
","
4mo ",https://remoteok.io/golang/l/108175
"
Atlas ","
Senior Software Engineer
","
5mo ",https://remoteok.io/golangclosed
"
GetGround ","
Backend Engineer Golang
","
5mo ",https://remoteok.io/golang/l/108130
"
BuildBuddy ","
Senior Software Engineer
","
5mo ",https://remoteok.io/golang/l/108077
"
CYZA ","
Go Programmers with Passion Code Join Our Misssion & Seasoned Team
","
5mo ",https://remoteok.io/golang/l/108076
"
CYZA ","
Go Programmers with Passion Code Join Our Seasoned Team
","
5mo ",https://remoteok.io/golang/l/108048
"
Oden Technologies ","
Senior Software Engineer
","
5mo ",https://remoteok.io/golang/l/108030
"
7 of D ","
Senior Golang Developer for a Gaming Startup
","
5mo ",https://remoteok.io/golang/l/108025
"
Zuva ","
Senior Software Engineer
","
5mo ",https://remoteok.io/golang/l/108014
"
CYZA ","
Go Programmers
","
5mo ",https://remoteok.io/golang/l/107998
"
Rollee ","
Senior Golang Developer
","
5mo ",https://remoteok.io/golang/l/107990
"
The Wild ","
Senior Cloud Software Engineer
","
5mo ",https://remoteok.io/golang/l/107957
"
GRAX ","
Backend Software Engineer
","
5mo ",https://remoteok.io/golang/l/107947
"
NEKOM CC Gmbh ","
Golang Backend Engineer
","
5mo ",https://remoteok.io/golang/l/107942
"
Vistas Recruitment ","
Senior Go Engineer
","
5mo ",https://remoteok.io/golang/l/107860
"
Vistas Recruitment ","
Lead Senior Go Developer
","
5mo ",https://remoteok.io/golang/l/107774
"
LEAP Encryption Access Project ","
Go Developer
","
5mo ",https://remoteok.io/golang/l/107766
"
BlueLabs Software ","
Senior Software Engineer
","
5mo ",https://remoteok.io/golang/l/107733
"
CyberArk ","
Senior Software Engineer
","
5mo ",https://remoteok.io/golang/l/107682
"
Vistas Recruitment ","
Go Software Engineer
","
6mo ",https://remoteok.io/golang/l/107658
"
Replicated ","
Backend Engineer
","
6mo ",https://remoteok.io/golang/l/107655
"
Swarm Associaton ","
Golang JavaScript Developer for Fairdrive Protocol
","
6mo ",https://remoteok.io/golang/l/107646
"
Reddit ","
Senior Software Engineer Backend
","
6mo ",https://remoteok.io/golang/l/107636
"
Rohde & Schwarz Cybersecurity ","
D√©veloppeur Back End Go
","
6mo ",https://remoteok.io/golang/l/107611
"
Admiral ","
Senior Full Stack Engineer
","
6mo ",https://remoteok.io/golang/l/107594
"
Doozer Real Estate Systems GmbH ","
Junior Golang Software Developer
","
6mo ",https://remoteok.io/golang/l/107589
"
MaxMind ","
Product Security Engineer
","
6mo ",https://remoteok.io/golang/l/107548
"
Enfabrica ","
Engineering Productivity Devop
","
6mo ",https://remoteok.io/golangclosed
"
MaxMind ","
Site Reliability Engineer
","
6mo ",https://remoteok.io/golang/l/107538
"
Vistas Recruitment ","
Senior Lead Engineer
","
6mo ",https://remoteok.io/golang/l/107528
"
WalletConnect ","
Backend Golang Engineer
","
6mo ",https://remoteok.io/golang/l/107488
"
Causal ","
Full Stack Engineer
","
6mo ",https://remoteok.io/golang/l/107475
"
Ferrum Health ","
Senior Software Engineer
","
6mo ",https://remoteok.io/golang/l/107444
"
Checkr ","
Backend Software Engineer
","
6mo ",https://remoteok.io/golangclosed
"
Humn.ai ","
Senior Golang Software Engineer
","
6mo ",https://remoteok.io/golang/l/107402
"
Zero Hash ","
Senior Software Engineer
","
6mo ",https://remoteok.io/golang/l/107390
"
Vistas Recruitment ","
Go Engineer London
","
6mo ",https://remoteok.io/golang/l/107376
"
Recursive Rebels ","
Senior Backend Engineer
","
6mo ",https://remoteok.io/golang/l/107375
"
Grafana Labs ","
Front End Developer Grafana Edge
","
6mo ",https://remoteok.io/golangclosed
"
JustWatch GmbH ","
Lead Golang Engineer
","
6mo ",https://remoteok.io/golang/l/107273
"
Rumble ","
Senior Software Engineer
","
6mo ",https://remoteok.io/golang/l/107262
"
OneFootball ","
Senior Backend Engineer
","
6mo ",https://remoteok.io/golangclosed
"
Precisely AB ","
Back End Go Developer
","
6mo ",https://remoteok.io/golang/l/107242
"
Ringover ","
D√©veloppeur Fullstack Golang C H F
","
6mo ",https://remoteok.io/golang/l/107236
"
MaxMind ","
Software Engineer Opportunity
","
6mo ",https://remoteok.io/golang/l/107222
"
Catapult Solutions Group ","
Golang Developer
","
6mo ",https://remoteok.io/golang/l/107200
"
n.exchange ","
Senior Python Developer
","
7mo ",https://remoteok.io/golangclosed
"
Tyk Technologies ","
Go Developer
","
7mo ",https://remoteok.io/golangclosed
"
Panther Labs ","
Senior Software Development Engineer Test
","
7mo ",https://remoteok.io/golang/l/107134
"
Rumble ","
Senior Full Stack Engineer
","
7mo ",https://remoteok.io/golang/l/107114
"
Alpaca ","
Software Engineer
","
7mo ",https://remoteok.io/golang/l/107103
"
NetRise ","
Backend Golang Developer
","
7mo ",https://remoteok.io/golang/l/107073
"
Paessler AG ","
Backend Developer Golang
","
7mo ",https://remoteok.io/golang/l/107063
"
Bearer ","
Backend Developer Golang
","
7mo ",https://remoteok.io/golang/l/107045
"
Carla ","
Golang Backend Engineer
","
7mo ",https://remoteok.io/golang/l/106999
"
Simba ","
Software Engineer
","
7mo ",https://remoteok.io/golangclosed
"
Kolide ","
Endpoint Engineer
","
7mo ",https://remoteok.io/golang/l/106964
"
Squaremouth ","
Senior Rails Developer
","
7mo ",https://remoteok.io/golangclosed
"
Red Hat ","
Senior Software Engineer Advanced Cluster Security
","
7mo ",https://remoteok.io/golang/l/106937
"
Randlabs ","
Senior Golang Developer
","
7mo ",https://remoteok.io/golang/l/106936
"
Fiskil ","
Senior Golang Backend Engineer
","
7mo ",https://remoteok.io/golang/l/106854
"
Benzinga ","
Sr Platform Backend Lead Engineer
","
7mo ",https://remoteok.io/golang/l/106853
"
Vistas Recruitment ","
Backend Engineer
","
7mo ",https://remoteok.io/golang/l/106843
"
Confio GmbH ","
Go Developer
","
7mo ",https://remoteok.io/golang/l/106832
"
ChartMogul ","
Backend Engineer
","
7mo ",https://remoteok.io/golang/l/106828
"
Circle ","
Senior Software Engineer
","
7mo ",https://remoteok.io/golang/l/106822
"
Pachyderm ","
Cloud Backend Engineer
","
7mo ",https://remoteok.io/golang/l/106808
"
EDB ","
Golang Kubernetes Developer
","
7mo ",https://remoteok.io/golang/l/106797
"
Stable Kernel ","
Full Stack Software Engineer
","
7mo ",https://remoteok.io/golangclosed
"
ManoMano ","
Quality Advisor Buyers
","
7mo ",https://remoteok.io/golang/l/106743
"
Rialtic ","
Senior Golang Engineer
","
7mo ",https://remoteok.io/golang/l/106740
"
Nav ","
Principal Senior Staff Backend Engineer Within The US Office
","
7mo ",https://remoteok.io/golang/l/106739
"
Perceptyx ","
Golang Engineering Manager
","
7mo  ",https://remoteok.io/golangclosed
"
RStudio ","
Senior Software Engineer
","
7mo ",https://remoteok.io/golang/l/106706
"
PerformLine ","
Principal Engineer Golang
","
7mo ",https://remoteok.io/golang/l/106705
"
Acronis ","
Software Developer C C++ Go
","
7mo ",https://remoteok.io/golang/l/106674
"
Second Spectrum ","
Full Stack Engineer
","
7mo ",https://remoteok.io/golang/l/106636
"
strongDM ","
Senior Software Engineer
","
7mo ",https://remoteok.io/golang/l/106632
"
Vistas Recruitment ","
Senior Go Engineer Fully
","
7mo ",https://remoteok.io/golang/l/106626
"
Mailchain ","
Senior Backend Engineer
","
7mo ",https://remoteok.io/golang/l/106625
"
Gitlab ","
Backend Engineer
","
7mo ",https://remoteok.io/golang/l/106605
"
Pulumi ","
Senior Software Engineer Kubernetes
","
8mo ",https://remoteok.io/golang/l/106586
"
Mindera ","
Go Software Developer
","
8mo ",https://remoteok.io/golang/l/106582
"
Circonus ","
Go Senior Software Engineer
","
8mo ",https://remoteok.io/golang/l/106561
"
Network Gaming ","
Lead Golang Engineer
","
8mo ",https://remoteok.io/golang/l/106559
"
ixo.world ","
Lead Blockchain Developer
","
8mo ",https://remoteok.io/golang/l/106527
"
JustWatch GmbH ","
Lead Backend Engineer
","
8mo  ",https://remoteok.io/golang/l/106526
"
Replit ","
Platform Engineer
","
8mo ",https://remoteok.io/golang/l/106498
"
FullStory ","
Software Engineer Internal Tooling
","
8mo ",https://remoteok.io/golang/l/106482
"
Splice ","
Principal Software Engineer
","
8mo ",https://remoteok.io/golang/l/106481
"
Monzo ","
Senior Backend Engineer Payments
","
8mo ",https://remoteok.io/golang/l/106465
"
Silico ","
Software Engineer Golang Rust & Kubernetes
","
8mo ",https://remoteok.io/golang/l/106456
"
Fast ","
Senior Data Engineer
","
8mo ",https://remoteok.io/golang/l/106446
"
Fast ","
Senior Site Reliability Engineer
","
8mo ",https://remoteok.io/golangclosed
"
Fast ","
Senior Backend Engineer Go
","
8mo ",https://remoteok.io/golangclosed
"
MonoLets ","
DevOps
","
8mo ",https://remoteok.io/golang/l/106434
"
Horsnormes.co ","
Golang Backend Engineer
","
8mo ",https://remoteok.io/golang/l/106408
"
Caring.com ","
Senior Software Engineer
","
8mo ",https://remoteok.io/golang/l/106400
"
Chainlink Labs ","
Senior Software Engineer Golang Typescript
","
8mo ",https://remoteok.io/golang/l/106384
"
PedidosYa ","
Software Engineer Backend
","
8mo ",https://remoteok.io/golangclosed
"
Mux ","
Software Engineer Video
","
8mo ",https://remoteok.io/golang/l/106320
"
Alternative ","
Senior Software Engineer
","
8mo ",https://remoteok.io/golang/l/106315
"
Platform9 ","
Fully Mid Level Staff Software Engineer
","
8mo ",https://remoteok.io/golangclosed
"
Vistas Recruitment ","
Senior Full Stack Engineer
","
8mo ",https://remoteok.io/golang/l/106259
"
Bishop Fox ","
Principal Software Engineer
","
8mo ",https://remoteok.io/golang/l/106241
"
Imaginary Cloud ","
Golang Back End Developer
","
8mo ",https://remoteok.io/golang/l/106228
"
Oscatel ","
Back End Engineer
","
8mo ",https://remoteok.io/golang/l/106183
"
Redeam ","
Software Engineer
","
8mo ",https://remoteok.io/golang/l/106173
"
Twixl ","
Back End Development Team Lead
","
8mo ",https://remoteok.io/golang/l/106160
"
PacketFabric ","
Senior Software Engineer
","
8mo ",https://remoteok.io/golang/l/106155
"
Agentero ","
Golang Senior Software Engineer
","
8mo ",https://remoteok.io/golang/l/106154
"
Walmart Global Tech ","
Staff Software Engineer Traffic Foundation
","
8mo ",https://remoteok.io/golang/l/106118
"
Spacemesh ","
Blockchain Core Developer
","
8mo ",https://remoteok.io/golang/l/106106
"
Cape Privacy ","
Senior Software Engineer
","
8mo ",https://remoteok.io/golang/l/106086
"
Sketch ","
Senior Go Backend Developer
","
8mo ",https://remoteok.io/golang/l/106071
"
Teleport ","
Backend Software Engineer
","
8mo ",https://remoteok.io/golang/l/106051
"
cloudradar GmbH ","
üå∂Ô∏è Senior Golang Backend Developer Freelance 100
","
8mo ",https://remoteok.io/golang/l/106042
"
SumUp ","
Senior Software Engineer
","
8mo ",https://remoteok.io/golang/l/106025
"
Cookie.AI ","
System Engineer
","
9mo ",https://remoteok.io/golang/l/105952
"
nesto ","
Back End Software Engineer
","
9mo ",https://remoteok.io/golang/l/105931
"
WellHive ","
Software Engineer Integrations
","
9mo ",https://remoteok.io/golang/l/105922
"
Beat ","
Senior Backend Engineer
","
9mo ",https://remoteok.io/golang/l/105921
"
Big Nerd Ranch ","
Back End Web Developer Golang
","
9mo ",https://remoteok.io/golang/l/105860
"
Verivest ","
Senior Golang Backend Engineer
","
9mo ",https://remoteok.io/golang/l/105859
"
gridX GmbH ","
Senior Backend Developer
","
9mo ",https://remoteok.io/golang/l/105854
"
Gravwell ","
Go Backend Engineer
","
9mo ",https://remoteok.io/golang/l/105849
"
Algorand ","
Senior Software Engineer
","
9mo ",https://remoteok.io/golang/l/105844
"
Spacelift ","
Software Engineer
","
9mo ",https://remoteok.io/golang/l/105839
"
Platform.sh ","
DevOps SRE
","
9mo ",https://remoteok.io/golang/l/105838
"
JHA Banno ","
Senior Software Engineer
","
9mo ",https://remoteok.io/golang/l/105827
"
Averity ","
BE Golang Engineer
","
9mo ",https://remoteok.io/golang/l/105728
"
BitClout ","
Software Engineer
","
9mo ",https://remoteok.io/golang/l/105716
"
Clinical Trial Media ","
Golang Engineer
","
9mo ",https://remoteok.io/golang/l/105707
"
Vistas Recruitment ","
Senior Software Engineer
","
9mo ",https://remoteok.io/golang/l/105695
"
Clinical Trial Media ","
Senior Golang Engineer
","
9mo ",https://remoteok.io/golang/l/105691
"
ChainSafe Systems ","
Rust Golang Typescript Solidity Devs
","
9mo ",https://remoteok.io/golang/l/105666
"
Rollee ","
Senior Golang Backend Engineer
","
9mo ",https://remoteok.io/golang/l/105646
"
Ambassador Labs ","
Software Engineers
","
9mo ",https://remoteok.io/golangclosed
"
Ambassador Labs ","
DevOps Engineer
","
9mo ",https://remoteok.io/golangclosed
"
Paessler AG ","
Fullstack Engineer
","
9mo ",https://remoteok.io/golang/l/105615
"
Messari ","
Backend Engineer
","
10mo ",https://remoteok.io/golangclosed
"
Messari ","
Blockchain Engineer
","
10mo ",https://remoteok.io/golangclosed
"
Messari ","
Infrastructure Engineer
","
10mo ",https://remoteok.io/golangclosed
"
LTK ","
Senior Golang Engineer
","
10mo ",https://remoteok.io/golang/l/105546
"
Weaveworks ","
Senior Software Engineer
","
10mo ",https://remoteok.io/golang/l/105520
"
LiveControl ","
Senior Go Engineer
","
10mo ",https://remoteok.io/golang/l/105515
"
Fugue ","
Backend Software Engineer
","
10mo ",https://remoteok.io/golang/l/105514
"
Vistas Recruitment ","
Full Stack Engineer Part
","
10mo ",https://remoteok.io/golang/l/105474
"
Cuvva ","
Backend Engineer
","
10mo ",https://remoteok.io/golang/l/105473
"
Clevertech ","
Senior Backend Engineer Go 100
","
10mo ",https://remoteok.io/golang/l/105469
"
Equilibrium ","
Senior Go Engineer
","
10mo ",https://remoteok.io/golang/l/105437
"
Traefik Labs ","
Backend Developers
","
10mo ",https://remoteok.io/golang/l/105433
"
Traefik Labs ","
Front End Developer
","
10mo ",https://remoteok.io/golang/l/105431
"
Traefik Labs ","
Platform Engineer
","
10mo ",https://remoteok.io/golang/l/105428
"
Form3 ","
Senior Software Engineer 100% East Canada Time Zones
","
10mo ",https://remoteok.io/golang/l/105340
"
Form3 ","
Senior Software Engineer 100% East Canada
","
10mo ",https://remoteok.io/golang/l/105325
"
Form3 ","
Senior Software Engineer 100% Canada
","
10mo ",https://remoteok.io/golang/l/105270
"
HashiCorp ","
Senior Software Engineer Consul Ecosystem
","
10mo ",https://remoteok.io/golang/l/105269
"
Openly ","
Go Engineer
","
10mo ",https://remoteok.io/golang/l/105178
"
GRAX ","
Software Engineer Backend
","
11mo ",https://remoteok.io/golang/l/105102
"
Canonical ","
Software Engineer Go Distributed Systems
","
11mo ",https://remoteok.io/golang/l/105066
"
MaxMind ","
Senior Software Engineer US Canada
","
11mo ",https://remoteok.io/golang/l/105065
"
Vistas Recruitment ","
Senior DevOps Engineer
","
11mo ",https://remoteok.io/golang/l/105052
"
Scribd ","
Senior Security Engineer
","
11mo ",https://remoteok.io/golangclosed
"
Percona ","
Golang Software Engineer
","
11mo ",https://remoteok.io/golang/l/104965
"
Teleport ","
Fullstack Engineer
","
11mo ",https://remoteok.io/golang/l/104955
"
Artella ","
GO Senior Back End Developer
","
11mo ",https://remoteok.io/golang/l/104897
"
MessageBird ","
Senior Software Engineer
","
11mo ",https://remoteok.io/golang/l/104893
"
Cake Software ","
Senior Golang Engineer
","
11mo ",https://remoteok.io/golang/l/104892
"
BlueLabs ","
Software Engineer
","
11mo ",https://remoteok.io/golang/l/104889
"
Juni Technology AB ","
Software Engineer Go
","
11mo ",https://remoteok.io/golang/l/104884
"
The Lifetime Value Co ","
Senior Backend Engineer
","
11mo ",https://remoteok.io/golangclosed
"
epilot ","
Full Stack Engineer
","
11mo ",https://remoteok.io/golangclosed
"
SoLo Funds ","
Senior Software Engineer
","
11mo ",https://remoteok.io/golangclosed
"
Engel & Volkers Technology ","
Backend Engineer
","
11mo ",https://remoteok.io/golangclosed
"
Cmd ","
Senior Software Developer
","
11mo ",https://remoteok.io/golangclosed
"
Berops ","
Platform Backend Engineer
","
11mo ",https://remoteok.io/golang/l/104668
"
Savvy ","
Senior Backend Engineer
","
11mo ",https://remoteok.io/golang/l/104661
"
Vistas Recruitment ","
DevOps Engineer
","
11mo ",https://remoteok.io/golang/l/104637
"
elblox ag ","
Senior Software Engineer
","
11mo ",https://remoteok.io/golang/l/104627
"
Loft Labs ","
Software Engineer
","
11mo ",https://remoteok.io/golangclosed
"
Vistas Recruitment ","
Backend Engineers
","
11mo ",https://remoteok.io/golang/l/104621
"
Oscatel ","
Full Stack Engineer Learn Go
","
11mo ",https://remoteok.io/golang/l/104606
"
Cryptocurrency Startup ","
Data Scientist Chorus One
","
11mo ",https://remoteok.io/golangclosed
"
LeoLabs ","
Senior Site Reliability Engineer
","
11mo ",https://remoteok.io/golangclosed
"
Network Gaming ","
Mid and Senior Full Stack Developers
","
11mo ",https://remoteok.io/golang/l/104583
"
Openly ","
Staff Go Engineer
","
11mo ",https://remoteok.io/golang/l/104558
"
Meant4 Software ","
Go Developer
","
11mo ",https://remoteok.io/golangclosed
"
Vaayu ","
Senior Backend Engineer
","
11mo ",https://remoteok.io/golang/l/104510
"
Vistas Recruitment ","
Go Backend Engineer
","
11mo ",https://remoteok.io/golang/l/104492
"
Loadsmart ","
Senior Backend Go Engineer
","
11mo ",https://remoteok.io/golang/l/104484
"
RELE.AI ","
Senior Fullstack Engineer
","
12mo ",https://remoteok.io/golangclosed
"
Numus ","
Senior Go Backend Architect & Developer
","
12mo ",https://remoteok.io/golang/l/104315
"
Tendermint ","
Blockchain Engineer
","
12mo ",https://remoteok.io/golang/l/104306
"
Rune Labs ","
Senior Backend Engineer
","
12mo ",https://remoteok.io/golang/l/104279
"
Vistas Recruitment ","
Lead Backend Engineer FR IT ESP DE
","
12mo ",https://remoteok.io/golang/l/104235
"
Organise Platform HQ ","
Lead Developer
","
1yr ",https://remoteok.io/golang/l/104207
"
Nav Technologies ","
Senior and Staff Backend Software Engineers
","
1yr ",https://remoteok.io/golangclosed
"
Luxor Technology ","
Backend Engineer
","
1yr ",https://remoteok.io/golangclosed
"
Upvest ","
üöÄbackend Engineer
","
1yr ",https://remoteok.io/golangclosed
"
Haraj.com ","
Software Engineer
","
1yr ",https://remoteok.io/golangclosed
"
Get It ","
Golangpython Developerbuild Modern Marketing Platform
","
1yr ",https://remoteok.io/golangclosed
"
HashiCorp ","
Senior Software Engineer Consul
","
1yr ",https://remoteok.io/golangclosed
"
Valocode ","
Senior Backend Developer
","
1yr ",https://remoteok.io/golangclosed
"
Kiuki ","
Golang Developer
","
1yr ",https://remoteok.io/golangclosed
"
Bitwave ","
Senior Smart Contract Developer
","
1yr ",https://remoteok.io/golangclosed
"
PayPay Corporation ","
Product Security Engineer
","
1yr ",https://remoteok.io/golangclosed
"
Archipelago Analytics ","
Senior Golang Backend Engineer
","
1yr ",https://remoteok.io/golangclosed
"
True Tickets ","
Golang Developer
","
1yr ",https://remoteok.io/golangclosed
"
Acronis ","
Software Engineer
","
1yr ",https://remoteok.io/golangclosed
"
Splice ","
Software Engineermonetization
","
1yr ",https://remoteok.io/golangclosed
"
Solarisbank AG ","
Senior Engineer
","
1yr ",https://remoteok.io/golangclosed
"
Percona Staffing ","
Golang Software Engineer
","
1yr ",https://remoteok.io/golangclosed
"
Mindera ","
Golang Developer
","
1yr ",https://remoteok.io/golangclosed
"
Triple9 ","
Software Engineer Backend
","
1yr ",https://remoteok.io/golangclosed
"
PolicyFly ","
Senior Backend Engineer
","
1yr ",https://remoteok.io/golangclosed
"
Strings ","
Senior Backend Engineer
","
1yr ",https://remoteok.io/golangclosed
"
Experient Group ","
Golang Developer
","
1yr ",https://remoteok.io/golangclosed
"
Vinovest ","
Senior Backend Engineer
","
1yr ",https://remoteok.io/golangclosed
"
Smart Adserver ","
Golang Developer
","
1yr ",https://remoteok.io/golangclosed
"Upstack Technologies, Inc.",Golang Software Developer,May 2,https://weworkremotely.com/remote-jobs/search?utf8=%E2%9C%93&term=golang/company/upstack-technologies-inc
Chainlink Labs,"Senior Software Engineer, Golang",May 5,https://weworkremotely.com/remote-jobs/search?utf8=%E2%9C%93&term=golang/company/chainlink-labs
„àúÎç∞Ïù¥ÌÑ∞Ïú†ÎãàÎ≤ÑÏä§,[Ïã†ÏûÖ/Í≤ΩÎ†•] ÏÑúÎ≤Ñ Í∞úÎ∞úÏûê Ï±ÑÏö© / golang / devops,08/16(Ìôî),https://www.jobkorea.co.kr/search/?stext=golang/Recruit/GI_Read/38435739?Oem_Code=C1&logpath=1&stext=golang&listno=1
„àúÎπÑÎ©ïÏä§,[Í≤ΩÎ†•] Golang Back-end Í∞úÎ∞úÏûê,08/09(Ìôî),https://www.jobkorea.co.kr/search/?stext=golang/Recruit/GI_Read/38354069?Oem_Code=C1&logpath=1&stext=golang&listno=2
„àúÏïÑÌãÄÎùºÏä§ÎÑ§Ìä∏ÏõçÏä§,Golang Î∞±ÏóîÎìú Í∞úÎ∞úÏûê Ï±ÑÏö©,ÏÉÅÏãúÏ±ÑÏö©,https://www.jobkorea.co.kr/search/?stext=golang/Recruit/GI_Read/38204940?Oem_Code=C1&logpath=1&stext=golang&listno=3
„àúÏÑ∏ÌïòÍ∏ÄÎ°úÎ≤åÏãúÏä§ÌÖú,[Golang Í≤ΩÌóò / AWS Í¥ÄÎ¶¨Ïûê Ïö∞ÎåÄ] Í≤ΩÎ†•ÏßÅ Í∞úÎ∞úÏûêÎ•º Ï∞æÏäµÎãàÎã§,ÏÉÅÏãúÏ±ÑÏö©,https://www.jobkorea.co.kr/search/?stext=golang/Recruit/GI_Read/37761539?Oem_Code=C1&logpath=1&stext=golang&listno=4
ÏåçÏö©Ï†ïÎ≥¥ÌÜµÏã†„àú,2022ÎÖÑ ÏåçÏö©Ï†ïÎ≥¥ÌÜµÏã† Ïã†ÏûÖ Î∞è Í≤ΩÎ†•ÏßÅ Í≥µÍ∞úÏ±ÑÏö©,ÏÉÅÏãúÏ±ÑÏö©,https://www.jobkorea.co.kr/search/?stext=golang/Recruit/GI_Read/38462371?Oem_Code=C1&logpath=1&stext=golang&listno=5
ÌòÑÎåÄÏûêÎèôÏ∞®„àú,ÌòÑÎåÄÏûêÎèôÏ∞® TaaSÎ≥∏Î∂Ä ÌîåÎû´Ìèº Í≥µÌÜµ ÏÑúÎπÑÏä§ Í∞úÎ∞ú Í≤ΩÎ†• Ï±ÑÏö©,06/13(Ïõî),https://www.jobkorea.co.kr/search/?stext=golang/Recruit/GI_Read/38386040?Oem_Code=C1&logpath=1&stext=golang&listno=6
ÌçºÎ∏îÎ¶¨Ïãú„àú,2022ÎÖÑ Í∞ÅÎ∂ÄÎ¨∏Î≥Ñ ÏßÅÏõê Ï±ÑÏö©,06/24(Í∏à),https://www.jobkorea.co.kr/search/?stext=golang/Recruit/GI_Read/38517455?Oem_Code=C1&logpath=1&stext=golang&listno=7
Ï∫êÎ°ØÏÜêÌï¥Î≥¥Ìóò„àú,Î∂ÄÎ¨∏Î≥Ñ Í≤ΩÎ†•/Ïã†ÏûÖ ÎåÄÍ∑úÎ™® Ï±ÑÏö©,ÏÉÅÏãúÏ±ÑÏö©,https://www.jobkorea.co.kr/search/?stext=golang/Recruit/GI_Read/38035466?Oem_Code=C1&logpath=1&stext=golang&listno=8
Ï£ºÏãùÌöåÏÇ¨ ÏúÑÎ©îÏù¥Îìú,"ÎîîÌååÏù¥ ÌîåÎû´Ìèº Î∞±ÏóîÎìú Í∞úÎ∞ú, ÎîîÌååÏù¥ ÌîåÎû´Ìèº Ïä§ÎßàÌä∏ Ïª®Ìä∏ÎûôÌä∏ Í∞úÎ∞ú, ÌÅ¥ÎùºÏù¥Ïñ∏Ìä∏ Í∞úÎ∞ú, Î∏îÎ°ùÏ≤¥Ïù∏ Í≤åÏûÑ Í∏∞ÌöçÏûê, DevOps ÏóîÏßÄÎãàÏñ¥",ÏÉÅÏãúÏ±ÑÏö©,https://www.jobkorea.co.kr/search/?stext=golang/Recruit/GI_Read/38518922?Oem_Code=C1&logpath=1&stext=golang&listno=9
IPX,[IPX] Backend Server Senior Engineer,06/03(Í∏à),https://www.jobkorea.co.kr/search/?stext=golang/Recruit/GI_Read/38515741?Oem_Code=C1&logpath=1&stext=golang&listno=10
Ïπ¥Ïπ¥Ïò§Î±ÖÌÅ¨,[Îâ¥ÌîåÎû´ÌèºÍ∏∞Ïà†] Kubernetes Engineer,05/31(Ìôî),https://www.jobkorea.co.kr/search/?stext=golang/Recruit/GI_Read/38469056?Oem_Code=C1&logpath=1&stext=golang&listno=11
ÏõçÏä§Î™®Î∞îÏùº„àú,Back-End Í∞úÎ∞úÏûê Î™®Ïßë,06/07(Ìôî),https://www.jobkorea.co.kr/search/?stext=golang/Recruit/GI_Read/38466420?Oem_Code=C1&logpath=1&stext=golang&listno=12
„àúÎùºÏù∏ÌîåÎü¨Ïä§,[LINE PLUS] Backend Server Engineer,ÏÉÅÏãúÏ±ÑÏö©,https://www.jobkorea.co.kr/search/?stext=golang/Recruit/GI_Read/38442600?Oem_Code=C1&logpath=1&stext=golang&listno=13
„àúÎã§ÎÇòÏôÄ,(Ï£º)Îã§ÎÇòÏôÄ Í∏∞ÏóÖÎ∂ÄÏÑ§Ïó∞Íµ¨ÏÜå Ï±ÑÏö©(Í≤ÄÏÉâ/ÏõπÍ∞úÎ∞ú/ÏãúÏä§ÌÖúÍ¥ÄÎ¶¨),ÏÉÅÏãúÏ±ÑÏö©,https://www.jobkorea.co.kr/search/?stext=golang/Recruit/GI_Read/38430526?Oem_Code=C1&logpath=1&stext=golang&listno=14
„àúÎçîÎ∏îÎã§Ïö¥Ïù∏ÌÑ∞Ïï°Ìã∞Î∏å,"[ÏÑúÎ≤ÑÍ∞úÎ∞ú] , [Ïù∏ÌîÑÎùºÍ∞úÎ∞ú] Î™®Ïßë (Í≤ΩÎ†•)",08/15(Ïõî),https://www.jobkorea.co.kr/search/?stext=golang/Recruit/GI_Read/38427965?Oem_Code=C1&logpath=1&stext=golang&listno=15
ÏΩòÌÖêÏ∏†Ïõ®Ïù¥Î∏å„àú,"wavve Ï†ÑÏßÅÍµ∞ Ï±ÑÏö©(Data, CSÎ∂ÑÏÑù, ÎßàÏºÄÌÑ∞, Ï¥ùÎ¨¥, ÏòÅÏÉÅÏ†úÏûë, Í∞úÎ∞ú Îì±)",05/30(Ïõî),https://www.jobkorea.co.kr/search/?stext=golang/Recruit/GI_Read/38405686?Oem_Code=C1&logpath=1&stext=golang&listno=16
„àúÏª¥Ìà¨Ïä§,[Ïª¥Ìà¨Ïä§] Î©îÌÉÄÎ≤ÑÏä§ ÏÑúÎ≤Ñ ÌîÑÎ°úÍ∑∏ÎûòÎ®∏ Î∂ÄÎ¨∏ (Í≤ΩÎ†•) Ï±ÑÏö©,06/29(Ïàò),https://www.jobkorea.co.kr/search/?stext=golang/Recruit/GI_Read/38344622?Oem_Code=C1&logpath=1&stext=golang&listno=17
„àúÏª¥Ìà¨Ïä§,[Ïª¥Ìà¨Ïä§] Î©îÌÉÄÎ≤ÑÏä§ Î∏îÎ°ùÏ≤¥Ïù∏ ÌîÑÎ°úÍ∑∏ÎûòÎ®∏ (Í≤ΩÎ†•) Ï±ÑÏö©,06/29(Ïàò),https://www.jobkorea.co.kr/search/?stext=golang/Recruit/GI_Read/38344234?Oem_Code=C1&logpath=1&stext=golang&listno=18
„àúÏª¥Ìà¨Ïä§,[Ïª¥Ìà¨Ïä§] Î©îÌÉÄÎ≤ÑÏä§ ÌîåÎû´Ìèº Í∞úÎ∞úÏûê (Í≤ΩÎ†•) Ï±ÑÏö©,06/29(Ïàò),https://www.jobkorea.co.kr/search/?stext=golang/Recruit/GI_Read/38344166?Oem_Code=C1&logpath=1&stext=golang&listno=19
„àúÏΩîÎ¶¨ÏïÑÏÑºÌÑ∞,[Ïú†Ïó∞Í∑ºÎ¨¥Ï†ú] ÏΩîÎ¶¨ÏïÑÏÑºÌÑ∞ Ïõπ Í∞úÎ∞úÏûê Î™®Ïßë,07/26(Ìôî),https://www.jobkorea.co.kr/search/?stext=golang/Recruit/GI_Read/38210273?Oem_Code=C1&logpath=1&stext=golang&listno=20
